[  
   {  
      "nome":"Baceno",
      "codice":"103006",
      "zona":{  
         "nome":"Nord-ovest",
         "codice":"1"
      },
      "regione":{  
         "codice":"01",
         "nome":"Piemonte"
      },
      "cm":{  
         "codice":"",
         "nome":""
      },
      "provincia":{  
         "codice":"103",
         "nome":"Verbano-Cusio-Ossola"
      },
      "sigla":"VB",
      "codiceCatastale":"A534",
      "cap":[  
         "28861"
      ]
   },
   {  
      "nome":"Bacoli",
      "codice":"063006",
      "zona":{  
         "nome":"Sud",
         "codice":"4"
      },
      "regione":{  
         "codice":"15",
         "nome":"Campania"
      },
      "cm":{  
         "codice":"263",
         "nome":"Napoli"
      },
      "provincia":{  
         "codice":"063",
         "nome":""
      },
      "sigla":"NA",
      "codiceCatastale":"A535",
      "cap":[  
         "80070"
      ]
   },
   {  
      "nome":"Badalucco",
      "codice":"008006",
      "zona":{  
         "nome":"Nord-ovest",
         "codice":"1"
      },
      "regione":{  
         "codice":"07",
         "nome":"Liguria"
      },
      "cm":{  
         "codice":"",
         "nome":""
      },
      "provincia":{  
         "codice":"008",
         "nome":"Imperia"
      },
      "sigla":"IM",
      "codiceCatastale":"A536",
      "cap":[  
         "18010"
      ]
   },
   {  
      "nome":"Badesi",
      "codice":"090081",
      "zona":{  
         "nome":"Isole",
         "codice":"5"
      },
      "regione":{  
         "codice":"20",
         "nome":"Sardegna"
      },
      "cm":{  
         "codice":"",
         "nome":""
      },
      "provincia":{  
         "codice":"090",
         "nome":"Sassari"
      },
      "sigla":"SS",
      "codiceCatastale":"M214",
      "cap":[  
         "07030"
      ]
   },
   {  
      "nome":"Badia",
      "codice":"021006",
      "zona":{  
         "nome":"Nord-est",
         "codice":"2"
      },
      "regione":{  
         "codice":"04",
         "nome":"Trentino-Alto Adige/Südtirol"
      },
      "cm":{  
         "codice":"",
         "nome":""
      },
      "provincia":{  
         "codice":"021",
         "nome":"Bolzano/Bozen"
      },
      "sigla":"BZ",
      "codiceCatastale":"A537",
      "cap":[  
         "39036"
      ]
   },
   {  
      "nome":"Badia Calavena",
      "codice":"023005",
      "zona":{  
         "nome":"Nord-est",
         "codice":"2"
      },
      "regione":{  
         "codice":"05",
         "nome":"Veneto"
      },
      "cm":{  
         "codice":"",
         "nome":""
      },
      "provincia":{  
         "codice":"023",
         "nome":"Verona"
      },
      "sigla":"VR",
      "codiceCatastale":"A540",
      "cap":[  
         "37030"
      ]
   },
   {  
      "nome":"Badia Pavese",
      "codice":"018006",
      "zona":{  
         "nome":"Nord-ovest",
         "codice":"1"
      },
      "regione":{  
         "codice":"03",
         "nome":"Lombardia"
      },
      "cm":{  
         "codice":"",
         "nome":""
      },
      "provincia":{  
         "codice":"018",
         "nome":"Pavia"
      },
      "sigla":"PV",
      "codiceCatastale":"A538",
      "cap":[  
         "27010"
      ]
   },
   {  
      "nome":"Badia Polesine",
      "codice":"029004",
      "zona":{  
         "nome":"Nord-est",
         "codice":"2"
      },
      "regione":{  
         "codice":"05",
         "nome":"Veneto"
      },
      "cm":{  
         "codice":"",
         "nome":""
      },
      "provincia":{  
         "codice":"029",
         "nome":"Rovigo"
      },
      "sigla":"RO",
      "codiceCatastale":"A539",
      "cap":[  
         "45021"
      ]
   },
   {  
      "nome":"Badia Tedalda",
      "codice":"051003",
      "zona":{  
         "nome":"Centro",
         "codice":"3"
      },
      "regione":{  
         "codice":"09",
         "nome":"Toscana"
      },
      "cm":{  
         "codice":"",
         "nome":""
      },
      "provincia":{  
         "codice":"051",
         "nome":"Arezzo"
      },
      "sigla":"AR",
      "codiceCatastale":"A541",
      "cap":[  
         "52032"
      ]
   },
   {  
      "nome":"Badolato",
      "codice":"079008",
      "zona":{  
         "nome":"Sud",
         "codice":"4"
      },
      "regione":{  
         "codice":"18",
         "nome":"Calabria"
      },
      "cm":{  
         "codice":"",
         "nome":""
      },
      "provincia":{  
         "codice":"079",
         "nome":"Catanzaro"
      },
      "sigla":"CZ",
      "codiceCatastale":"A542",
      "cap":[  
         "88060"
      ]
   },
   {  
      "nome":"Bagaladi",
      "codice":"080006",
      "zona":{  
         "nome":"Sud",
         "codice":"4"
      },
      "regione":{  
         "codice":"18",
         "nome":"Calabria"
      },
      "cm":{  
         "codice":"280",
         "nome":"Reggio di Calabria"
      },
      "provincia":{  
         "codice":"080",
         "nome":""
      },
      "sigla":"RC",
      "codiceCatastale":"A544",
      "cap":[  
         "89060"
      ]
   },
   {  
      "nome":"Bagheria",
      "codice":"082006",
      "zona":{  
         "nome":"Isole",
         "codice":"5"
      },
      "regione":{  
         "codice":"19",
         "nome":"Sicilia"
      },
      "cm":{  
         "codice":"282",
         "nome":"Palermo"
      },
      "provincia":{  
         "codice":"082",
         "nome":""
      },
      "sigla":"PA",
      "codiceCatastale":"A546",
      "cap":[  
         "90011"
      ]
   },
   {  
      "nome":"Bagnacavallo",
      "codice":"039002",
      "zona":{  
         "nome":"Nord-est",
         "codice":"2"
      },
      "regione":{  
         "codice":"08",
         "nome":"Emilia-Romagna"
      },
      "cm":{  
         "codice":"",
         "nome":""
      },
      "provincia":{  
         "codice":"039",
         "nome":"Ravenna"
      },
      "sigla":"RA",
      "codiceCatastale":"A547",
      "cap":[  
         "48012"
      ]
   },
   {  
      "nome":"Bagnara Calabra",
      "codice":"080007",
      "zona":{  
         "nome":"Sud",
         "codice":"4"
      },
      "regione":{  
         "codice":"18",
         "nome":"Calabria"
      },
      "cm":{  
         "codice":"280",
         "nome":"Reggio di Calabria"
      },
      "provincia":{  
         "codice":"080",
         "nome":""
      },
      "sigla":"RC",
      "codiceCatastale":"A552",
      "cap":[  
         "89011"
      ]
   },
   {  
      "nome":"Bagnara di Romagna",
      "codice":"039003",
      "zona":{  
         "nome":"Nord-est",
         "codice":"2"
      },
      "regione":{  
         "codice":"08",
         "nome":"Emilia-Romagna"
      },
      "cm":{  
         "codice":"",
         "nome":""
      },
      "provincia":{  
         "codice":"039",
         "nome":"Ravenna"
      },
      "sigla":"RA",
      "codiceCatastale":"A551",
      "cap":[  
         "48031"
      ]
   },
   {  
      "nome":"Bagnaria",
      "codice":"018007",
      "zona":{  
         "nome":"Nord-ovest",
         "codice":"1"
      },
      "regione":{  
         "codice":"03",
         "nome":"Lombardia"
      },
      "cm":{  
         "codice":"",
         "nome":""
      },
      "provincia":{  
         "codice":"018",
         "nome":"Pavia"
      },
      "sigla":"PV",
      "codiceCatastale":"A550",
      "cap":[  
         "27050"
      ]
   },
   {  
      "nome":"Bagnaria Arsa",
      "codice":"030008",
      "zona":{  
         "nome":"Nord-est",
         "codice":"2"
      },
      "regione":{  
         "codice":"06",
         "nome":"Friuli-Venezia Giulia"
      },
      "cm":{  
         "codice":"",
         "nome":""
      },
      "provincia":{  
         "codice":"030",
         "nome":"Udine"
      },
      "sigla":"UD",
      "codiceCatastale":"A553",
      "cap":[  
         "33050"
      ]
   },
   {  
      "nome":"Bagnasco",
      "codice":"004008",
      "zona":{  
         "nome":"Nord-ovest",
         "codice":"1"
      },
      "regione":{  
         "codice":"01",
         "nome":"Piemonte"
      },
      "cm":{  
         "codice":"",
         "nome":""
      },
      "provincia":{  
         "codice":"004",
         "nome":"Cuneo"
      },
      "sigla":"CN",
      "codiceCatastale":"A555",
      "cap":[  
         "12071"
      ]
   },
   {  
      "nome":"Bagnatica",
      "codice":"016018",
      "zona":{  
         "nome":"Nord-ovest",
         "codice":"1"
      },
      "regione":{  
         "codice":"03",
         "nome":"Lombardia"
      },
      "cm":{  
         "codice":"",
         "nome":""
      },
      "provincia":{  
         "codice":"016",
         "nome":"Bergamo"
      },
      "sigla":"BG",
      "codiceCatastale":"A557",
      "cap":[  
         "24060"
      ]
   },
   {  
      "nome":"Bagni di Lucca",
      "codice":"046002",
      "zona":{  
         "nome":"Centro",
         "codice":"3"
      },
      "regione":{  
         "codice":"09",
         "nome":"Toscana"
      },
      "cm":{  
         "codice":"",
         "nome":""
      },
      "provincia":{  
         "codice":"046",
         "nome":"Lucca"
      },
      "sigla":"LU",
      "codiceCatastale":"A560",
      "cap":[  
         "55022"
      ]
   },
   {  
      "nome":"Bagno a Ripoli",
      "codice":"048001",
      "zona":{  
         "nome":"Centro",
         "codice":"3"
      },
      "regione":{  
         "codice":"09",
         "nome":"Toscana"
      },
      "cm":{  
         "codice":"248",
         "nome":"Firenze"
      },
      "provincia":{  
         "codice":"048",
         "nome":""
      },
      "sigla":"FI",
      "codiceCatastale":"A564",
      "cap":[  
         "50012"
      ]
   },
   {  
      "nome":"Bagno di Romagna",
      "codice":"040001",
      "zona":{  
         "nome":"Nord-est",
         "codice":"2"
      },
      "regione":{  
         "codice":"08",
         "nome":"Emilia-Romagna"
      },
      "cm":{  
         "codice":"",
         "nome":""
      },
      "provincia":{  
         "codice":"040",
         "nome":"Forlì-Cesena"
      },
      "sigla":"FC",
      "codiceCatastale":"A565",
      "cap":[  
         "47021"
      ]
   },
   {  
      "nome":"Bagnoli del Trigno",
      "codice":"094003",
      "zona":{  
         "nome":"Sud",
         "codice":"4"
      },
      "regione":{  
         "codice":"14",
         "nome":"Molise"
      },
      "cm":{  
         "codice":"",
         "nome":""
      },
      "provincia":{  
         "codice":"094",
         "nome":"Isernia"
      },
      "sigla":"IS",
      "codiceCatastale":"A567",
      "cap":[  
         "86091"
      ]
   },
   {  
      "nome":"Bagnoli di Sopra",
      "codice":"028008",
      "zona":{  
         "nome":"Nord-est",
         "codice":"2"
      },
      "regione":{  
         "codice":"05",
         "nome":"Veneto"
      },
      "cm":{  
         "codice":"",
         "nome":""
      },
      "provincia":{  
         "codice":"028",
         "nome":"Padova"
      },
      "sigla":"PD",
      "codiceCatastale":"A568",
      "cap":[  
         "35023"
      ]
   },
   {  
      "nome":"Bagnoli Irpino",
      "codice":"064009",
      "zona":{  
         "nome":"Sud",
         "codice":"4"
      },
      "regione":{  
         "codice":"15",
         "nome":"Campania"
      },
      "cm":{  
         "codice":"",
         "nome":""
      },
      "provincia":{  
         "codice":"064",
         "nome":"Avellino"
      },
      "sigla":"AV",
      "codiceCatastale":"A566",
      "cap":[  
         "83043"
      ]
   },
   {  
      "nome":"Bagnolo Cremasco",
      "codice":"019005",
      "zona":{  
         "nome":"Nord-ovest",
         "codice":"1"
      },
      "regione":{  
         "codice":"03",
         "nome":"Lombardia"
      },
      "cm":{  
         "codice":"",
         "nome":""
      },
      "provincia":{  
         "codice":"019",
         "nome":"Cremona"
      },
      "sigla":"CR",
      "codiceCatastale":"A570",
      "cap":[  
         "26010"
      ]
   },
   {  
      "nome":"Bagnolo del Salento",
      "codice":"075008",
      "zona":{  
         "nome":"Sud",
         "codice":"4"
      },
      "regione":{  
         "codice":"16",
         "nome":"Puglia"
      },
      "cm":{  
         "codice":"",
         "nome":""
      },
      "provincia":{  
         "codice":"075",
         "nome":"Lecce"
      },
      "sigla":"LE",
      "codiceCatastale":"A572",
      "cap":[  
         "73020"
      ]
   },
   {  
      "nome":"Bagnolo di Po",
      "codice":"029005",
      "zona":{  
         "nome":"Nord-est",
         "codice":"2"
      },
      "regione":{  
         "codice":"05",
         "nome":"Veneto"
      },
      "cm":{  
         "codice":"",
         "nome":""
      },
      "provincia":{  
         "codice":"029",
         "nome":"Rovigo"
      },
      "sigla":"RO",
      "codiceCatastale":"A574",
      "cap":[  
         "45022"
      ]
   },
   {  
      "nome":"Bagnolo in Piano",
      "codice":"035002",
      "zona":{  
         "nome":"Nord-est",
         "codice":"2"
      },
      "regione":{  
         "codice":"08",
         "nome":"Emilia-Romagna"
      },
      "cm":{  
         "codice":"",
         "nome":""
      },
      "provincia":{  
         "codice":"035",
         "nome":"Reggio nell'Emilia"
      },
      "sigla":"RE",
      "codiceCatastale":"A573",
      "cap":[  
         "42011"
      ]
   },
   {  
      "nome":"Bagnolo Mella",
      "codice":"017009",
      "zona":{  
         "nome":"Nord-ovest",
         "codice":"1"
      },
      "regione":{  
         "codice":"03",
         "nome":"Lombardia"
      },
      "cm":{  
         "codice":"",
         "nome":""
      },
      "provincia":{  
         "codice":"017",
         "nome":"Brescia"
      },
      "sigla":"BS",
      "codiceCatastale":"A569",
      "cap":[  
         "25021"
      ]
   },
   {  
      "nome":"Bagnolo Piemonte",
      "codice":"004009",
      "zona":{  
         "nome":"Nord-ovest",
         "codice":"1"
      },
      "regione":{  
         "codice":"01",
         "nome":"Piemonte"
      },
      "cm":{  
         "codice":"",
         "nome":""
      },
      "provincia":{  
         "codice":"004",
         "nome":"Cuneo"
      },
      "sigla":"CN",
      "codiceCatastale":"A571",
      "cap":[  
         "12031"
      ]
   },
   {  
      "nome":"Bagnolo San Vito",
      "codice":"020003",
      "zona":{  
         "nome":"Nord-ovest",
         "codice":"1"
      },
      "regione":{  
         "codice":"03",
         "nome":"Lombardia"
      },
      "cm":{  
         "codice":"",
         "nome":""
      },
      "provincia":{  
         "codice":"020",
         "nome":"Mantova"
      },
      "sigla":"MN",
      "codiceCatastale":"A575",
      "cap":[  
         "46031"
      ]
   },
   {  
      "nome":"Bagnone",
      "codice":"045002",
      "zona":{  
         "nome":"Centro",
         "codice":"3"
      },
      "regione":{  
         "codice":"09",
         "nome":"Toscana"
      },
      "cm":{  
         "codice":"",
         "nome":""
      },
      "provincia":{  
         "codice":"045",
         "nome":"Massa-Carrara"
      },
      "sigla":"MS",
      "codiceCatastale":"A576",
      "cap":[  
         "54021"
      ]
   },
   {  
      "nome":"Bagnoregio",
      "codice":"056003",
      "zona":{  
         "nome":"Centro",
         "codice":"3"
      },
      "regione":{  
         "codice":"12",
         "nome":"Lazio"
      },
      "cm":{  
         "codice":"",
         "nome":""
      },
      "provincia":{  
         "codice":"056",
         "nome":"Viterbo"
      },
      "sigla":"VT",
      "codiceCatastale":"A577",
      "cap":[  
         "01022"
      ]
   },
   {  
      "nome":"Bagolino",
      "codice":"017010",
      "zona":{  
         "nome":"Nord-ovest",
         "codice":"1"
      },
      "regione":{  
         "codice":"03",
         "nome":"Lombardia"
      },
      "cm":{  
         "codice":"",
         "nome":""
      },
      "provincia":{  
         "codice":"017",
         "nome":"Brescia"
      },
      "sigla":"BS",
      "codiceCatastale":"A578",
      "cap":[  
         "25072"
      ]
   },
   {  
      "nome":"Baia e Latina",
      "codice":"061006",
      "zona":{  
         "nome":"Sud",
         "codice":"4"
      },
      "regione":{  
         "codice":"15",
         "nome":"Campania"
      },
      "cm":{  
         "codice":"",
         "nome":""
      },
      "provincia":{  
         "codice":"061",
         "nome":"Caserta"
      },
      "sigla":"CE",
      "codiceCatastale":"A579",
      "cap":[  
         "81010"
      ]
   },
   {  
      "nome":"Baiano",
      "codice":"064010",
      "zona":{  
         "nome":"Sud",
         "codice":"4"
      },
      "regione":{  
         "codice":"15",
         "nome":"Campania"
      },
      "cm":{  
         "codice":"",
         "nome":""
      },
      "provincia":{  
         "codice":"064",
         "nome":"Avellino"
      },
      "sigla":"AV",
      "codiceCatastale":"A580",
      "cap":[  
         "83022"
      ]
   },
   {  
      "nome":"Bairo",
      "codice":"001015",
      "zona":{  
         "nome":"Nord-ovest",
         "codice":"1"
      },
      "regione":{  
         "codice":"01",
         "nome":"Piemonte"
      },
      "cm":{  
         "codice":"201",
         "nome":"Torino"
      },
      "provincia":{  
         "codice":"001",
         "nome":""
      },
      "sigla":"TO",
      "codiceCatastale":"A584",
      "cap":[  
         "10010"
      ]
   },
   {  
      "nome":"Baiso",
      "codice":"035003",
      "zona":{  
         "nome":"Nord-est",
         "codice":"2"
      },
      "regione":{  
         "codice":"08",
         "nome":"Emilia-Romagna"
      },
      "cm":{  
         "codice":"",
         "nome":""
      },
      "provincia":{  
         "codice":"035",
         "nome":"Reggio nell'Emilia"
      },
      "sigla":"RE",
      "codiceCatastale":"A586",
      "cap":[  
         "42031"
      ]
   },
   {  
      "nome":"Bajardo",
      "codice":"008007",
      "zona":{  
         "nome":"Nord-ovest",
         "codice":"1"
      },
      "regione":{  
         "codice":"07",
         "nome":"Liguria"
      },
      "cm":{  
         "codice":"",
         "nome":""
      },
      "provincia":{  
         "codice":"008",
         "nome":"Imperia"
      },
      "sigla":"IM",
      "codiceCatastale":"A581",
      "cap":[  
         "18031"
      ]
   },
   {  
      "nome":"Balangero",
      "codice":"001016",
      "zona":{  
         "nome":"Nord-ovest",
         "codice":"1"
      },
      "regione":{  
         "codice":"01",
         "nome":"Piemonte"
      },
      "cm":{  
         "codice":"201",
         "nome":"Torino"
      },
      "provincia":{  
         "codice":"001",
         "nome":""
      },
      "sigla":"TO",
      "codiceCatastale":"A587",
      "cap":[  
         "10070"
      ]
   },
   {  
      "nome":"Baldichieri d'Asti",
      "codice":"005007",
      "zona":{  
         "nome":"Nord-ovest",
         "codice":"1"
      },
      "regione":{  
         "codice":"01",
         "nome":"Piemonte"
      },
      "cm":{  
         "codice":"",
         "nome":""
      },
      "provincia":{  
         "codice":"005",
         "nome":"Asti"
      },
      "sigla":"AT",
      "codiceCatastale":"A588",
      "cap":[  
         "14011"
      ]
   },
   {  
      "nome":"Baldissero Canavese",
      "codice":"001017",
      "zona":{  
         "nome":"Nord-ovest",
         "codice":"1"
      },
      "regione":{  
         "codice":"01",
         "nome":"Piemonte"
      },
      "cm":{  
         "codice":"201",
         "nome":"Torino"
      },
      "provincia":{  
         "codice":"001",
         "nome":""
      },
      "sigla":"TO",
      "codiceCatastale":"A590",
      "cap":[  
         "10080"
      ]
   },
   {  
      "nome":"Baldissero d'Alba",
      "codice":"004010",
      "zona":{  
         "nome":"Nord-ovest",
         "codice":"1"
      },
      "regione":{  
         "codice":"01",
         "nome":"Piemonte"
      },
      "cm":{  
         "codice":"",
         "nome":""
      },
      "provincia":{  
         "codice":"004",
         "nome":"Cuneo"
      },
      "sigla":"CN",
      "codiceCatastale":"A589",
      "cap":[  
         "12040"
      ]
   },
   {  
      "nome":"Baldissero Torinese",
      "codice":"001018",
      "zona":{  
         "nome":"Nord-ovest",
         "codice":"1"
      },
      "regione":{  
         "codice":"01",
         "nome":"Piemonte"
      },
      "cm":{  
         "codice":"201",
         "nome":"Torino"
      },
      "provincia":{  
         "codice":"001",
         "nome":""
      },
      "sigla":"TO",
      "codiceCatastale":"A591",
      "cap":[  
         "10020"
      ]
   },
   {  
      "nome":"Balestrate",
      "codice":"082007",
      "zona":{  
         "nome":"Isole",
         "codice":"5"
      },
      "regione":{  
         "codice":"19",
         "nome":"Sicilia"
      },
      "cm":{  
         "codice":"282",
         "nome":"Palermo"
      },
      "provincia":{  
         "codice":"082",
         "nome":""
      },
      "sigla":"PA",
      "codiceCatastale":"A592",
      "cap":[  
         "90041"
      ]
   },
   {  
      "nome":"Balestrino",
      "codice":"009008",
      "zona":{  
         "nome":"Nord-ovest",
         "codice":"1"
      },
      "regione":{  
         "codice":"07",
         "nome":"Liguria"
      },
      "cm":{  
         "codice":"",
         "nome":""
      },
      "provincia":{  
         "codice":"009",
         "nome":"Savona"
      },
      "sigla":"SV",
      "codiceCatastale":"A593",
      "cap":[  
         "17020"
      ]
   },
   {  
      "nome":"Ballabio",
      "codice":"097004",
      "zona":{  
         "nome":"Nord-ovest",
         "codice":"1"
      },
      "regione":{  
         "codice":"03",
         "nome":"Lombardia"
      },
      "cm":{  
         "codice":"",
         "nome":""
      },
      "provincia":{  
         "codice":"097",
         "nome":"Lecco"
      },
      "sigla":"LC",
      "codiceCatastale":"A594",
      "cap":[  
         "23811"
      ]
   },
   {  
      "nome":"Ballao",
      "codice":"111003",
      "zona":{  
         "nome":"Isole",
         "codice":"5"
      },
      "regione":{  
         "codice":"20",
         "nome":"Sardegna"
      },
      "cm":{  
         "codice":"",
         "nome":""
      },
      "provincia":{  
         "codice":"111",
         "nome":"Sud Sardegna"
      },
      "sigla":"SU",
      "codiceCatastale":"A597",
      "cap":[  
         "09040"
      ]
   },
   {  
      "nome":"Balme",
      "codice":"001019",
      "zona":{  
         "nome":"Nord-ovest",
         "codice":"1"
      },
      "regione":{  
         "codice":"01",
         "nome":"Piemonte"
      },
      "cm":{  
         "codice":"201",
         "nome":"Torino"
      },
      "provincia":{  
         "codice":"001",
         "nome":""
      },
      "sigla":"TO",
      "codiceCatastale":"A599",
      "cap":[  
         "10070"
      ]
   },
   {  
      "nome":"Balmuccia",
      "codice":"002008",
      "zona":{  
         "nome":"Nord-ovest",
         "codice":"1"
      },
      "regione":{  
         "codice":"01",
         "nome":"Piemonte"
      },
      "cm":{  
         "codice":"",
         "nome":""
      },
      "provincia":{  
         "codice":"002",
         "nome":"Vercelli"
      },
      "sigla":"VC",
      "codiceCatastale":"A600",
      "cap":[  
         "13020"
      ]
   },
   {  
      "nome":"Balocco",
      "codice":"002009",
      "zona":{  
         "nome":"Nord-ovest",
         "codice":"1"
      },
      "regione":{  
         "codice":"01",
         "nome":"Piemonte"
      },
      "cm":{  
         "codice":"",
         "nome":""
      },
      "provincia":{  
         "codice":"002",
         "nome":"Vercelli"
      },
      "sigla":"VC",
      "codiceCatastale":"A601",
      "cap":[  
         "13040"
      ]
   },
   {  
      "nome":"Balsorano",
      "codice":"066007",
      "zona":{  
         "nome":"Sud",
         "codice":"4"
      },
      "regione":{  
         "codice":"13",
         "nome":"Abruzzo"
      },
      "cm":{  
         "codice":"",
         "nome":""
      },
      "provincia":{  
         "codice":"066",
         "nome":"L'Aquila"
      },
      "sigla":"AQ",
      "codiceCatastale":"A603",
      "cap":[  
         "67052"
      ]
   },
   {  
      "nome":"Balvano",
      "codice":"076008",
      "zona":{  
         "nome":"Sud",
         "codice":"4"
      },
      "regione":{  
         "codice":"17",
         "nome":"Basilicata"
      },
      "cm":{  
         "codice":"",
         "nome":""
      },
      "provincia":{  
         "codice":"076",
         "nome":"Potenza"
      },
      "sigla":"PZ",
      "codiceCatastale":"A604",
      "cap":[  
         "85050"
      ]
   },
   {  
      "nome":"Balzola",
      "codice":"006011",
      "zona":{  
         "nome":"Nord-ovest",
         "codice":"1"
      },
      "regione":{  
         "codice":"01",
         "nome":"Piemonte"
      },
      "cm":{  
         "codice":"",
         "nome":""
      },
      "provincia":{  
         "codice":"006",
         "nome":"Alessandria"
      },
      "sigla":"AL",
      "codiceCatastale":"A605",
      "cap":[  
         "15031"
      ]
   },
   {  
      "nome":"Banari",
      "codice":"090007",
      "zona":{  
         "nome":"Isole",
         "codice":"5"
      },
      "regione":{  
         "codice":"20",
         "nome":"Sardegna"
      },
      "cm":{  
         "codice":"",
         "nome":""
      },
      "provincia":{  
         "codice":"090",
         "nome":"Sassari"
      },
      "sigla":"SS",
      "codiceCatastale":"A606",
      "cap":[  
         "07040"
      ]
   },
   {  
      "nome":"Banchette",
      "codice":"001020",
      "zona":{  
         "nome":"Nord-ovest",
         "codice":"1"
      },
      "regione":{  
         "codice":"01",
         "nome":"Piemonte"
      },
      "cm":{  
         "codice":"201",
         "nome":"Torino"
      },
      "provincia":{  
         "codice":"001",
         "nome":""
      },
      "sigla":"TO",
      "codiceCatastale":"A607",
      "cap":[  
         "10010"
      ]
   },
   {  
      "nome":"Bannio Anzino",
      "codice":"103007",
      "zona":{  
         "nome":"Nord-ovest",
         "codice":"1"
      },
      "regione":{  
         "codice":"01",
         "nome":"Piemonte"
      },
      "cm":{  
         "codice":"",
         "nome":""
      },
      "provincia":{  
         "codice":"103",
         "nome":"Verbano-Cusio-Ossola"
      },
      "sigla":"VB",
      "codiceCatastale":"A610",
      "cap":[  
         "28871"
      ]
   },
   {  
      "nome":"Banzi",
      "codice":"076009",
      "zona":{  
         "nome":"Sud",
         "codice":"4"
      },
      "regione":{  
         "codice":"17",
         "nome":"Basilicata"
      },
      "cm":{  
         "codice":"",
         "nome":""
      },
      "provincia":{  
         "codice":"076",
         "nome":"Potenza"
      },
      "sigla":"PZ",
      "codiceCatastale":"A612",
      "cap":[  
         "85010"
      ]
   },
   {  
      "nome":"Baone",
      "codice":"028009",
      "zona":{  
         "nome":"Nord-est",
         "codice":"2"
      },
      "regione":{  
         "codice":"05",
         "nome":"Veneto"
      },
      "cm":{  
         "codice":"",
         "nome":""
      },
      "provincia":{  
         "codice":"028",
         "nome":"Padova"
      },
      "sigla":"PD",
      "codiceCatastale":"A613",
      "cap":[  
         "35030"
      ]
   },
   {  
      "nome":"Baradili",
      "codice":"095010",
      "zona":{  
         "nome":"Isole",
         "codice":"5"
      },
      "regione":{  
         "codice":"20",
         "nome":"Sardegna"
      },
      "cm":{  
         "codice":"",
         "nome":""
      },
      "provincia":{  
         "codice":"095",
         "nome":"Oristano"
      },
      "sigla":"OR",
      "codiceCatastale":"A614",
      "cap":[  
         "09090"
      ]
   },
   {  
      "nome":"Baragiano",
      "codice":"076010",
      "zona":{  
         "nome":"Sud",
         "codice":"4"
      },
      "regione":{  
         "codice":"17",
         "nome":"Basilicata"
      },
      "cm":{  
         "codice":"",
         "nome":""
      },
      "provincia":{  
         "codice":"076",
         "nome":"Potenza"
      },
      "sigla":"PZ",
      "codiceCatastale":"A615",
      "cap":[  
         "85050"
      ]
   },
   {  
      "nome":"Baranello",
      "codice":"070002",
      "zona":{  
         "nome":"Sud",
         "codice":"4"
      },
      "regione":{  
         "codice":"14",
         "nome":"Molise"
      },
      "cm":{  
         "codice":"",
         "nome":""
      },
      "provincia":{  
         "codice":"070",
         "nome":"Campobasso"
      },
      "sigla":"CB",
      "codiceCatastale":"A616",
      "cap":[  
         "86011"
      ]
   },
   {  
      "nome":"Barano d'Ischia",
      "codice":"063007",
      "zona":{  
         "nome":"Sud",
         "codice":"4"
      },
      "regione":{  
         "codice":"15",
         "nome":"Campania"
      },
      "cm":{  
         "codice":"263",
         "nome":"Napoli"
      },
      "provincia":{  
         "codice":"063",
         "nome":""
      },
      "sigla":"NA",
      "codiceCatastale":"A617",
      "cap":[  
         "80070"
      ]
   },
   {  
      "nome":"Baranzate",
      "codice":"015250",
      "zona":{  
         "nome":"Nord-ovest",
         "codice":"1"
      },
      "regione":{  
         "codice":"03",
         "nome":"Lombardia"
      },
      "cm":{  
         "codice":"215",
         "nome":"Milano"
      },
      "provincia":{  
         "codice":"015",
         "nome":""
      },
      "sigla":"MI",
      "codiceCatastale":"A618",
      "cap":[  
         "20021"
      ]
   },
   {  
      "nome":"Barasso",
      "codice":"012008",
      "zona":{  
         "nome":"Nord-ovest",
         "codice":"1"
      },
      "regione":{  
         "codice":"03",
         "nome":"Lombardia"
      },
      "cm":{  
         "codice":"",
         "nome":""
      },
      "provincia":{  
         "codice":"012",
         "nome":"Varese"
      },
      "sigla":"VA",
      "codiceCatastale":"A619",
      "cap":[  
         "21020"
      ]
   },
   {  
      "nome":"Baratili San Pietro",
      "codice":"095011",
      "zona":{  
         "nome":"Isole",
         "codice":"5"
      },
      "regione":{  
         "codice":"20",
         "nome":"Sardegna"
      },
      "cm":{  
         "codice":"",
         "nome":""
      },
      "provincia":{  
         "codice":"095",
         "nome":"Oristano"
      },
      "sigla":"OR",
      "codiceCatastale":"A621",
      "cap":[  
         "09070"
      ]
   },
   {  
      "nome":"Barbania",
      "codice":"001021",
      "zona":{  
         "nome":"Nord-ovest",
         "codice":"1"
      },
      "regione":{  
         "codice":"01",
         "nome":"Piemonte"
      },
      "cm":{  
         "codice":"201",
         "nome":"Torino"
      },
      "provincia":{  
         "codice":"001",
         "nome":""
      },
      "sigla":"TO",
      "codiceCatastale":"A625",
      "cap":[  
         "10070"
      ]
   },
   {  
      "nome":"Barbara",
      "codice":"042004",
      "zona":{  
         "nome":"Centro",
         "codice":"3"
      },
      "regione":{  
         "codice":"11",
         "nome":"Marche"
      },
      "cm":{  
         "codice":"",
         "nome":""
      },
      "provincia":{  
         "codice":"042",
         "nome":"Ancona"
      },
      "sigla":"AN",
      "codiceCatastale":"A626",
      "cap":[  
         "60010"
      ]
   },
   {  
      "nome":"Barbarano Mossano",
      "codice":"024124",
      "zona":{  
         "nome":"Nord-est",
         "codice":"2"
      },
      "regione":{  
         "codice":"05",
         "nome":"Veneto"
      },
      "cm":{  
         "codice":"",
         "nome":""
      },
      "provincia":{  
         "codice":"024",
         "nome":"Vicenza"
      },
      "sigla":"VI",
      "codiceCatastale":"M401",
      "cap":[  
         "36021",
         "36024"
      ]
   },
   {  
      "nome":"Barbarano Romano",
      "codice":"056004",
      "zona":{  
         "nome":"Centro",
         "codice":"3"
      },
      "regione":{  
         "codice":"12",
         "nome":"Lazio"
      },
      "cm":{  
         "codice":"",
         "nome":""
      },
      "provincia":{  
         "codice":"056",
         "nome":"Viterbo"
      },
      "sigla":"VT",
      "codiceCatastale":"A628",
      "cap":[  
         "01010"
      ]
   },
   {  
      "nome":"Barbaresco",
      "codice":"004011",
      "zona":{  
         "nome":"Nord-ovest",
         "codice":"1"
      },
      "regione":{  
         "codice":"01",
         "nome":"Piemonte"
      },
      "cm":{  
         "codice":"",
         "nome":""
      },
      "provincia":{  
         "codice":"004",
         "nome":"Cuneo"
      },
      "sigla":"CN",
      "codiceCatastale":"A629",
      "cap":[  
         "12050"
      ]
   },
   {  
      "nome":"Barbariga",
      "codice":"017011",
      "zona":{  
         "nome":"Nord-ovest",
         "codice":"1"
      },
      "regione":{  
         "codice":"03",
         "nome":"Lombardia"
      },
      "cm":{  
         "codice":"",
         "nome":""
      },
      "provincia":{  
         "codice":"017",
         "nome":"Brescia"
      },
      "sigla":"BS",
      "codiceCatastale":"A630",
      "cap":[  
         "25030"
      ]
   },
   {  
      "nome":"Barbata",
      "codice":"016019",
      "zona":{  
         "nome":"Nord-ovest",
         "codice":"1"
      },
      "regione":{  
         "codice":"03",
         "nome":"Lombardia"
      },
      "cm":{  
         "codice":"",
         "nome":""
      },
      "provincia":{  
         "codice":"016",
         "nome":"Bergamo"
      },
      "sigla":"BG",
      "codiceCatastale":"A631",
      "cap":[  
         "24040"
      ]
   },
   {  
      "nome":"Barberino di Mugello",
      "codice":"048002",
      "zona":{  
         "nome":"Centro",
         "codice":"3"
      },
      "regione":{  
         "codice":"09",
         "nome":"Toscana"
      },
      "cm":{  
         "codice":"248",
         "nome":"Firenze"
      },
      "provincia":{  
         "codice":"048",
         "nome":""
      },
      "sigla":"FI",
      "codiceCatastale":"A632",
      "cap":[  
         "50031"
      ]
   },
   {  
      "nome":"Barberino Val d'Elsa",
      "codice":"048003",
      "zona":{  
         "nome":"Centro",
         "codice":"3"
      },
      "regione":{  
         "codice":"09",
         "nome":"Toscana"
      },
      "cm":{  
         "codice":"248",
         "nome":"Firenze"
      },
      "provincia":{  
         "codice":"048",
         "nome":""
      },
      "sigla":"FI",
      "codiceCatastale":"A633",
      "cap":[  
         "50021"
      ]
   },
   {  
      "nome":"Barbianello",
      "codice":"018008",
      "zona":{  
         "nome":"Nord-ovest",
         "codice":"1"
      },
      "regione":{  
         "codice":"03",
         "nome":"Lombardia"
      },
      "cm":{  
         "codice":"",
         "nome":""
      },
      "provincia":{  
         "codice":"018",
         "nome":"Pavia"
      },
      "sigla":"PV",
      "codiceCatastale":"A634",
      "cap":[  
         "27041"
      ]
   },
   {  
      "nome":"Barbiano",
      "codice":"021007",
      "zona":{  
         "nome":"Nord-est",
         "codice":"2"
      },
      "regione":{  
         "codice":"04",
         "nome":"Trentino-Alto Adige/Südtirol"
      },
      "cm":{  
         "codice":"",
         "nome":""
      },
      "provincia":{  
         "codice":"021",
         "nome":"Bolzano/Bozen"
      },
      "sigla":"BZ",
      "codiceCatastale":"A635",
      "cap":[  
         "39040"
      ]
   },
   {  
      "nome":"Barbona",
      "codice":"028010",
      "zona":{  
         "nome":"Nord-est",
         "codice":"2"
      },
      "regione":{  
         "codice":"05",
         "nome":"Veneto"
      },
      "cm":{  
         "codice":"",
         "nome":""
      },
      "provincia":{  
         "codice":"028",
         "nome":"Padova"
      },
      "sigla":"PD",
      "codiceCatastale":"A637",
      "cap":[  
         "35040"
      ]
   },
   {  
      "nome":"Barcellona Pozzo di Gotto",
      "codice":"083005",
      "zona":{  
         "nome":"Isole",
         "codice":"5"
      },
      "regione":{  
         "codice":"19",
         "nome":"Sicilia"
      },
      "cm":{  
         "codice":"283",
         "nome":"Messina"
      },
      "provincia":{  
         "codice":"083",
         "nome":""
      },
      "sigla":"ME",
      "codiceCatastale":"A638",
      "cap":[  
         "98051"
      ]
   },
   {  
      "nome":"Barcis",
      "codice":"093006",
      "zona":{  
         "nome":"Nord-est",
         "codice":"2"
      },
      "regione":{  
         "codice":"06",
         "nome":"Friuli-Venezia Giulia"
      },
      "cm":{  
         "codice":"",
         "nome":""
      },
      "provincia":{  
         "codice":"093",
         "nome":"Pordenone"
      },
      "sigla":"PN",
      "codiceCatastale":"A640",
      "cap":[  
         "33080"
      ]
   },
   {  
      "nome":"Bard",
      "codice":"007009",
      "zona":{  
         "nome":"Nord-ovest",
         "codice":"1"
      },
      "regione":{  
         "codice":"02",
         "nome":"Valle d'Aosta/Vallée d'Aoste"
      },
      "cm":{  
         "codice":"",
         "nome":""
      },
      "provincia":{  
         "codice":"007",
         "nome":"Valle d'Aosta/Vallée d'Aoste"
      },
      "sigla":"AO",
      "codiceCatastale":"A643",
      "cap":[  
         "11020"
      ]
   },
   {  
      "nome":"Bardello",
      "codice":"012009",
      "zona":{  
         "nome":"Nord-ovest",
         "codice":"1"
      },
      "regione":{  
         "codice":"03",
         "nome":"Lombardia"
      },
      "cm":{  
         "codice":"",
         "nome":""
      },
      "provincia":{  
         "codice":"012",
         "nome":"Varese"
      },
      "sigla":"VA",
      "codiceCatastale":"A645",
      "cap":[  
         "21020"
      ]
   },
   {  
      "nome":"Bardi",
      "codice":"034002",
      "zona":{  
         "nome":"Nord-est",
         "codice":"2"
      },
      "regione":{  
         "codice":"08",
         "nome":"Emilia-Romagna"
      },
      "cm":{  
         "codice":"",
         "nome":""
      },
      "provincia":{  
         "codice":"034",
         "nome":"Parma"
      },
      "sigla":"PR",
      "codiceCatastale":"A646",
      "cap":[  
         "43032"
      ]
   },
   {  
      "nome":"Bardineto",
      "codice":"009009",
      "zona":{  
         "nome":"Nord-ovest",
         "codice":"1"
      },
      "regione":{  
         "codice":"07",
         "nome":"Liguria"
      },
      "cm":{  
         "codice":"",
         "nome":""
      },
      "provincia":{  
         "codice":"009",
         "nome":"Savona"
      },
      "sigla":"SV",
      "codiceCatastale":"A647",
      "cap":[  
         "17057"
      ]
   },
   {  
      "nome":"Bardolino",
      "codice":"023006",
      "zona":{  
         "nome":"Nord-est",
         "codice":"2"
      },
      "regione":{  
         "codice":"05",
         "nome":"Veneto"
      },
      "cm":{  
         "codice":"",
         "nome":""
      },
      "provincia":{  
         "codice":"023",
         "nome":"Verona"
      },
      "sigla":"VR",
      "codiceCatastale":"A650",
      "cap":[  
         "37011"
      ]
   },
   {  
      "nome":"Bardonecchia",
      "codice":"001022",
      "zona":{  
         "nome":"Nord-ovest",
         "codice":"1"
      },
      "regione":{  
         "codice":"01",
         "nome":"Piemonte"
      },
      "cm":{  
         "codice":"201",
         "nome":"Torino"
      },
      "provincia":{  
         "codice":"001",
         "nome":""
      },
      "sigla":"TO",
      "codiceCatastale":"A651",
      "cap":[  
         "10052"
      ]
   },
   {  
      "nome":"Bareggio",
      "codice":"015012",
      "zona":{  
         "nome":"Nord-ovest",
         "codice":"1"
      },
      "regione":{  
         "codice":"03",
         "nome":"Lombardia"
      },
      "cm":{  
         "codice":"215",
         "nome":"Milano"
      },
      "provincia":{  
         "codice":"015",
         "nome":""
      },
      "sigla":"MI",
      "codiceCatastale":"A652",
      "cap":[  
         "20010"
      ]
   },
   {  
      "nome":"Barengo",
      "codice":"003012",
      "zona":{  
         "nome":"Nord-ovest",
         "codice":"1"
      },
      "regione":{  
         "codice":"01",
         "nome":"Piemonte"
      },
      "cm":{  
         "codice":"",
         "nome":""
      },
      "provincia":{  
         "codice":"003",
         "nome":"Novara"
      },
      "sigla":"NO",
      "codiceCatastale":"A653",
      "cap":[  
         "28010"
      ]
   },
   {  
      "nome":"Baressa",
      "codice":"095012",
      "zona":{  
         "nome":"Isole",
         "codice":"5"
      },
      "regione":{  
         "codice":"20",
         "nome":"Sardegna"
      },
      "cm":{  
         "codice":"",
         "nome":""
      },
      "provincia":{  
         "codice":"095",
         "nome":"Oristano"
      },
      "sigla":"OR",
      "codiceCatastale":"A655",
      "cap":[  
         "09090"
      ]
   },
   {  
      "nome":"Barete",
      "codice":"066008",
      "zona":{  
         "nome":"Sud",
         "codice":"4"
      },
      "regione":{  
         "codice":"13",
         "nome":"Abruzzo"
      },
      "cm":{  
         "codice":"",
         "nome":""
      },
      "provincia":{  
         "codice":"066",
         "nome":"L'Aquila"
      },
      "sigla":"AQ",
      "codiceCatastale":"A656",
      "cap":[  
         "67010"
      ]
   },
   {  
      "nome":"Barga",
      "codice":"046003",
      "zona":{  
         "nome":"Centro",
         "codice":"3"
      },
      "regione":{  
         "codice":"09",
         "nome":"Toscana"
      },
      "cm":{  
         "codice":"",
         "nome":""
      },
      "provincia":{  
         "codice":"046",
         "nome":"Lucca"
      },
      "sigla":"LU",
      "codiceCatastale":"A657",
      "cap":[  
         "55051"
      ]
   },
   {  
      "nome":"Bargagli",
      "codice":"010003",
      "zona":{  
         "nome":"Nord-ovest",
         "codice":"1"
      },
      "regione":{  
         "codice":"07",
         "nome":"Liguria"
      },
      "cm":{  
         "codice":"210",
         "nome":"Genova"
      },
      "provincia":{  
         "codice":"010",
         "nome":""
      },
      "sigla":"GE",
      "codiceCatastale":"A658",
      "cap":[  
         "16021"
      ]
   },
   {  
      "nome":"Barge",
      "codice":"004012",
      "zona":{  
         "nome":"Nord-ovest",
         "codice":"1"
      },
      "regione":{  
         "codice":"01",
         "nome":"Piemonte"
      },
      "cm":{  
         "codice":"",
         "nome":""
      },
      "provincia":{  
         "codice":"004",
         "nome":"Cuneo"
      },
      "sigla":"CN",
      "codiceCatastale":"A660",
      "cap":[  
         "12032"
      ]
   },
   {  
      "nome":"Barghe",
      "codice":"017012",
      "zona":{  
         "nome":"Nord-ovest",
         "codice":"1"
      },
      "regione":{  
         "codice":"03",
         "nome":"Lombardia"
      },
      "cm":{  
         "codice":"",
         "nome":""
      },
      "provincia":{  
         "codice":"017",
         "nome":"Brescia"
      },
      "sigla":"BS",
      "codiceCatastale":"A661",
      "cap":[  
         "25070"
      ]
   },
   {  
      "nome":"Bari",
      "codice":"072006",
      "zona":{  
         "nome":"Sud",
         "codice":"4"
      },
      "regione":{  
         "codice":"16",
         "nome":"Puglia"
      },
      "cm":{  
         "codice":"272",
         "nome":"Bari"
      },
      "provincia":{  
         "codice":"072",
         "nome":""
      },
      "sigla":"BA",
      "codiceCatastale":"A662",
      "cap":[  
         "70121",
         "70122",
         "70123",
         "70124",
         "70125",
         "70126",
         "70127",
         "70128",
         "70129",
         "70130",
         "70131",
         "70132"
      ]
   },
   {  
      "nome":"Bari Sardo",
      "codice":"091005",
      "zona":{  
         "nome":"Isole",
         "codice":"5"
      },
      "regione":{  
         "codice":"20",
         "nome":"Sardegna"
      },
      "cm":{  
         "codice":"",
         "nome":""
      },
      "provincia":{  
         "codice":"091",
         "nome":"Nuoro"
      },
      "sigla":"NU",
      "codiceCatastale":"A663",
      "cap":[  
         "08042"
      ]
   }
]
